<keymap version="1" name="Windows copy Proper Redo" parent="$default">
  <action id="$Redo">
    <keyboard-shortcut first-keystroke="shift ctrl z" />
    <keyboard-shortcut first-keystroke="shift alt back_space" />
    <keyboard-shortcut first-keystroke="ctrl y" />
  </action>
  <action id="CommentByBlockComment">
    <keyboard-shortcut first-keystroke="shift ctrl slash" />
    <keyboard-shortcut first-keystroke="shift ctrl divide" />
    <keyboard-shortcut first-keystroke="shift ctrl q" />
  </action>
  <action id="EditorDeleteLine" />
  <action id="ZoomInIdeAction">
    <keyboard-shortcut first-keystroke="ctrl #10000fa" />
  </action>
  <action id="ZoomOutIdeAction">
    <keyboard-shortcut first-keystroke="ctrl right_parenthesis" />
  </action>
</keymap>