<application>
  <component name="Trusted.Paths">
    <option name="TRUSTED_PROJECT_PATHS">
      <map>
        <entry key="C:\Users\jayfu\AppData\Local\JetBrains\IntelliJIdea2024.2\demo\IdeaLearningProject" value="true" />
        <entry key="D:\Stažené soubory\Codes\2\Home\1. basics" value="true" />
        <entry key="D:\Stažené soubory\Codes\2\Home\Bankovni Ucet" value="true" />
        <entry key="D:\Stažené soubory\Codes\2\Home\Basics" value="true" />
        <entry key="D:\Stažené soubory\Codes\2\Home\Bruteforce" value="true" />
        <entry key="D:\Stažené soubory\Codes\2\Home\CPS test" value="true" />
        <entry key="D:\Stažené soubory\Codes\2\Home\Chess" value="true" />
        <entry key="D:\Stažené soubory\Codes\2\Home\DigitalPapers" value="true" />
        <entry key="D:\Stažené soubory\Codes\2\Home\DigitalPapersGUI" value="true" />
        <entry key="D:\Stažené soubory\Codes\2\Home\Digitalni Papirky" value="true" />
        <entry key="D:\Stažené soubory\Codes\2\Home\Digitalni Papirky 2.0" value="true" />
        <entry key="D:\Stažené soubory\Codes\2\Home\DigitalniPapirky" value="true" />
        <entry key="D:\Stažené soubory\Codes\2\Home\Falling Fruit" value="true" />
        <entry key="D:\Stažené soubory\Codes\2\Home\Freaky Clicker" value="true" />
        <entry key="D:\Stažené soubory\Codes\2\Home\GUI" value="true" />
        <entry key="D:\Stažené soubory\Codes\2\Home\GUI tutorial" value="true" />
        <entry key="D:\Stažené soubory\Codes\2\Home\JavaScript Course" value="true" />
        <entry key="D:\Stažené soubory\Codes\2\Home\Kalkulacka" value="true" />
        <entry key="D:\Stažené soubory\Codes\2\Home\Michal" value="true" />
        <entry key="D:\Stažené soubory\Codes\2\Home\Mouse bot" value="true" />
        <entry key="D:\Stažené soubory\Codes\2\Home\Nasobilka" value="true" />
        <entry key="D:\Stažené soubory\Codes\2\Home\Papírky" value="true" />
        <entry key="D:\Stažené soubory\Codes\2\Home\Project Crush" value="true" />
        <entry key="D:\Stažené soubory\Codes\2\Home\Reflex game" value="true" />
        <entry key="D:\Stažené soubory\Codes\2\Home\Snake" value="true" />
        <entry key="D:\Stažené soubory\Codes\2\Home\Stopwatch" value="true" />
        <entry key="D:\Stažené soubory\Codes\2\Home\Stopwatch 2.0" value="true" />
        <entry key="D:\Stažené soubory\Codes\2\Home\Test\IntelliJ test" value="true" />
        <entry key="D:\Stažené soubory\Codes\2\Home\Timer" value="true" />
        <entry key="D:\Stažené soubory\Codes\2\Home\Timing" value="true" />
        <entry key="D:\Stažené soubory\Codes\2\Home\To-Do List" value="true" />
        <entry key="D:\Stažené soubory\Codes\2\Home\WPM" value="true" />
        <entry key="D:\Stažené soubory\Codes\2\Home\Weather app" value="true" />
        <entry key="D:\Stažené soubory\Codes\2\Home\WeatherApp" value="true" />
        <entry key="D:\Stažené soubory\Codes\2\Home\basicsFX" value="true" />
        <entry key="D:\Stažené soubory\Codes\2\Home\borek" value="true" />
        <entry key="D:\Stažené soubory\Codes\2\Home\crushCrash" value="true" />
        <entry key="D:\Stažené soubory\Codes\2\Home\demo" value="true" />
        <entry key="D:\Stažené soubory\Codes\2\Home\demoFX" value="true" />
        <entry key="D:\Stažené soubory\Codes\2\Home\hangman" value="true" />
        <entry key="D:\Stažené soubory\Codes\2\Home\login" value="true" />
        <entry key="D:\Stažené soubory\Codes\2\Home\projectLogin" value="true" />
        <entry key="D:\Stažené soubory\Codes\2\Home\spravaKnih" value="true" />
        <entry key="D:\Stažené soubory\Codes\2\Home\spravaKontaktu" value="true" />
        <entry key="D:\Stažené soubory\Codes\2\Home\swingTest" value="true" />
        <entry key="D:\Stažené soubory\Codes\2\Home\textGame" value="true" />
        <entry key="D:\Stažené soubory\Codes\2\Home\untitled" value="true" />
        <entry key="D:\Stažené soubory\Codes\2\MinecraftMods\Chess" value="true" />
        <entry key="D:\Stažené soubory\Codes\2\MinecraftMods\Tuturial Mod" value="true" />
        <entry key="D:\Stažené soubory\Codes\2\MinecraftMods\fabricTutorial" value="true" />
      </map>
    </option>
  </component>
  <component name="Trusted.Paths.Settings">
    <option name="TRUSTED_PATHS">
      <list>
        <option value="D:\Stažené soubory\Codes\2\Home" />
        <option value="D:\Stažené soubory\Codes\2\MinecraftMods" />
      </list>
    </option>
  </component>
</application>