<application>
  <component name="DimensionService">
    <location key="find.popup.0.0.1920.1080" x="724" y="127" />
    <size key="GridCell.Tab.0.left.0.0.1920.1080" width="1838" height="297" />
    <size key="GridCell.Tab.0.center.0.0.1920.1080" width="1838" height="297" />
    <size key="GridCell.Tab.0.right.0.0.1920.1080" width="1838" height="297" />
    <size key="GridCell.Tab.0.bottom.0.0.1920.1080" width="1838" height="297" />
    <size key="find.popup.0.0.1920.1080" width="645" height="840" />
    <size key="GridCell.Tab.1.left.0.0.1920.1080" width="1838" height="297" />
    <size key="GridCell.Tab.1.center.0.0.1920.1080" width="1838" height="297" />
    <size key="GridCell.Tab.1.right.0.0.1920.1080" width="1838" height="297" />
    <size key="GridCell.Tab.1.bottom.0.0.1920.1080" width="1838" height="297" />
    <size key="GridCell.Tab.0.left.0.0.1920.1080@144dpi" width="1796" height="275" />
    <size key="GridCell.Tab.0.center.0.0.1920.1080@144dpi" width="1796" height="275" />
    <size key="GridCell.Tab.0.right.0.0.1920.1080@144dpi" width="1796" height="275" />
    <size key="GridCell.Tab.0.bottom.0.0.1920.1080@144dpi" width="1796" height="275" />
    <size key="GridCell.Tab.0.left.0.0.1920.1080@168dpi" width="1776" height="265" />
    <size key="GridCell.Tab.0.center.0.0.1920.1080@168dpi" width="1776" height="265" />
    <size key="GridCell.Tab.0.right.0.0.1920.1080@168dpi" width="1776" height="265" />
    <size key="GridCell.Tab.0.bottom.0.0.1920.1080@168dpi" width="1776" height="265" />
    <size key="GridCell.Tab.0.left.0.0.1920.1080@120dpi" width="1818" height="286" />
    <size key="GridCell.Tab.0.center.0.0.1920.1080@120dpi" width="1818" height="286" />
    <size key="GridCell.Tab.0.right.0.0.1920.1080@120dpi" width="1818" height="286" />
    <size key="GridCell.Tab.0.bottom.0.0.1920.1080@120dpi" width="1818" height="286" />
  </component>
  <component name="WindowManager">
    <frame x="-10" y="61" width="1930" height="1042" extendedState="6" />
  </component>
  <component name="WindowStateApplicationService">
    <state x="47" y="264" key="FileChooserDialogImpl" timestamp="1728402051353">
      <screen x="0" y="0" width="1920" height="1032" />
    </state>
    <state x="47" y="264" key="FileChooserDialogImpl/0.0.1920.1032/-1920.-65.1920.1032" timestamp="1728402051353" />
    <state width="390" height="130" key="ShowUsagesActions.dimensionServiceKey" timestamp="1730829813978">
      <screen x="0" y="0" width="1920" height="1032" />
    </state>
    <state width="390" height="130" key="ShowUsagesActions.dimensionServiceKey/0.0.1920.1032/-1920.-65.1920.1032" timestamp="1730829813978" />
    <state x="960" y="519" width="1936" height="1048" key="WELCOME_SCREEN" timestamp="1730115740604">
      <screen x="0" y="0" width="1920" height="1032" />
    </state>
    <state x="960" y="519" width="1936" height="1048" key="WELCOME_SCREEN/0.0.1920.1032/-1920.-65.1920.1032" timestamp="1730115740604" />
    <state x="560" y="0" width="800" height="1032" key="new project wizard" timestamp="1729854124865">
      <screen x="0" y="0" width="1920" height="1032" />
    </state>
    <state x="560" y="0" width="800" height="1032" key="new project wizard/0.0.1920.1032/-1920.-65.1920.1032" timestamp="1729854124865" />
  </component>
</application>